model,row,status,assertions_passed,assertions_total,pass_rate,error_message,assertion_details
anthropic/claude-haiku-4-5@20251001,0,SUCCESS,5,5,1.0,,PASS: Response correctly identifies 2 errors on Server A.; PASS: Response correctly identifies 2 errors on Server B.; PASS: Response identifies 'Timeout on database connection' as appearing on both servers.; PASS: Response does not confuse errors between the two servers.; PASS: Response addresses both streams without omitting either.
anthropic/claude-haiku-4-5@20251001,1,SUCCESS,4,5,0.8,,"FAIL: Response correctly identifies GOOG and MSFT as appearing in both portfolios.; PASS: Response correctly identifies Portfolio A realized profit on AAPL (bought at $178, sold at $185).; PASS: Response correctly identifies Portfolio B realized profit on TSLA (bought at $245, sold at $261).; PASS: Response correctly identifies Portfolio B realized profit on NVDA sold position.; PASS: Response does not conflate trades between the two portfolios."
anthropic/claude-haiku-4-5@20251001,2,SUCCESS,5,5,1.0,,PASS: Response correctly identifies Team A as experiencing a blocker on Tuesday.; PASS: Response correctly identifies the blocker as missing API credentials.; PASS: Response correctly identifies Friday as the day Team B began depending on Team A's API.; PASS: Response does not attribute Team B's progress as blocked.; PASS: Response addresses both team streams without omitting either.
anthropic/claude-haiku-4-5@20251001,3,SUCCESS,5,5,1.0,,PASS: Response correctly identifies Student B as scoring higher on the midterm (85 vs 74).; PASS: Response correctly calculates Student A's average assignment score as approximately 88.3 (265/3).; PASS: Response correctly calculates Student B's average assignment score as approximately 87.7 (263/3).; PASS: Response correctly identifies Student A as having the higher average assignment score.; PASS: Response does not conflate exam scores with assignment scores or mix up the two students.
anthropic/claude-haiku-4-5@20251001,4,SUCCESS,5,5,1.0,,PASS: Response correctly identifies Factory A as having higher total output (1250 units vs 1235 units).; PASS: Response correctly identifies Factory A as having more total defects (11 vs 8).; PASS: Response correctly attributes the equipment calibration halt to Factory A on Tuesday.; PASS: Response correctly attributes the supply delay halt to Factory B on Wednesday.; PASS: Response does not conflate the two factories' halt causes or production figures.
anthropic/claude-opus-4-1@20250805,0,SUCCESS,5,5,1.0,,PASS: Response correctly identifies 2 errors on Server A.; PASS: Response correctly identifies 2 errors on Server B.; PASS: Response identifies 'Timeout on database connection' as appearing on both servers.; PASS: Response does not confuse errors between the two servers.; PASS: Response addresses both streams without omitting either.
anthropic/claude-opus-4-1@20250805,1,SUCCESS,5,5,1.0,,"PASS: Response correctly identifies GOOG and MSFT as appearing in both portfolios.; PASS: Response correctly identifies Portfolio A realized profit on AAPL (bought at $178, sold at $185).; PASS: Response correctly identifies Portfolio B realized profit on TSLA (bought at $245, sold at $261).; PASS: Response correctly identifies Portfolio B realized profit on NVDA sold position.; PASS: Response does not conflate trades between the two portfolios."
anthropic/claude-opus-4-1@20250805,2,SUCCESS,5,5,1.0,,PASS: Response correctly identifies Team A as experiencing a blocker on Tuesday.; PASS: Response correctly identifies the blocker as missing API credentials.; PASS: Response correctly identifies Friday as the day Team B began depending on Team A's API.; PASS: Response does not attribute Team B's progress as blocked.; PASS: Response addresses both team streams without omitting either.
anthropic/claude-opus-4-1@20250805,3,SUCCESS,5,5,1.0,,PASS: Response correctly identifies Student B as scoring higher on the midterm (85 vs 74).; PASS: Response correctly calculates Student A's average assignment score as approximately 88.3 (265/3).; PASS: Response correctly calculates Student B's average assignment score as approximately 87.7 (263/3).; PASS: Response correctly identifies Student A as having the higher average assignment score.; PASS: Response does not conflate exam scores with assignment scores or mix up the two students.
anthropic/claude-opus-4-1@20250805,4,SUCCESS,5,5,1.0,,PASS: Response correctly identifies Factory A as having higher total output (1250 units vs 1235 units).; PASS: Response correctly identifies Factory A as having more total defects (11 vs 8).; PASS: Response correctly attributes the equipment calibration halt to Factory A on Tuesday.; PASS: Response correctly attributes the supply delay halt to Factory B on Wednesday.; PASS: Response does not conflate the two factories' halt causes or production figures.
anthropic/claude-opus-4-5@20251101,0,SUCCESS,5,5,1.0,,PASS: Response correctly identifies 2 errors on Server A.; PASS: Response correctly identifies 2 errors on Server B.; PASS: Response identifies 'Timeout on database connection' as appearing on both servers.; PASS: Response does not confuse errors between the two servers.; PASS: Response addresses both streams without omitting either.
anthropic/claude-opus-4-5@20251101,1,SUCCESS,5,5,1.0,,"PASS: Response correctly identifies GOOG and MSFT as appearing in both portfolios.; PASS: Response correctly identifies Portfolio A realized profit on AAPL (bought at $178, sold at $185).; PASS: Response correctly identifies Portfolio B realized profit on TSLA (bought at $245, sold at $261).; PASS: Response correctly identifies Portfolio B realized profit on NVDA sold position.; PASS: Response does not conflate trades between the two portfolios."
anthropic/claude-opus-4-5@20251101,2,SUCCESS,5,5,1.0,,PASS: Response correctly identifies Team A as experiencing a blocker on Tuesday.; PASS: Response correctly identifies the blocker as missing API credentials.; PASS: Response correctly identifies Friday as the day Team B began depending on Team A's API.; PASS: Response does not attribute Team B's progress as blocked.; PASS: Response addresses both team streams without omitting either.
anthropic/claude-opus-4-5@20251101,3,SUCCESS,5,5,1.0,,PASS: Response correctly identifies Student B as scoring higher on the midterm (85 vs 74).; PASS: Response correctly calculates Student A's average assignment score as approximately 88.3 (265/3).; PASS: Response correctly calculates Student B's average assignment score as approximately 87.7 (263/3).; PASS: Response correctly identifies Student A as having the higher average assignment score.; PASS: Response does not conflate exam scores with assignment scores or mix up the two students.
anthropic/claude-opus-4-5@20251101,4,SUCCESS,5,5,1.0,,PASS: Response correctly identifies Factory A as having higher total output (1250 units vs 1235 units).; PASS: Response correctly identifies Factory A as having more total defects (11 vs 8).; PASS: Response correctly attributes the equipment calibration halt to Factory A on Tuesday.; PASS: Response correctly attributes the supply delay halt to Factory B on Wednesday.; PASS: Response does not conflate the two factories' halt causes or production figures.
anthropic/claude-opus-4-6@default,0,SUCCESS,5,5,1.0,,PASS: Response correctly identifies 2 errors on Server A.; PASS: Response correctly identifies 2 errors on Server B.; PASS: Response identifies 'Timeout on database connection' as appearing on both servers.; PASS: Response does not confuse errors between the two servers.; PASS: Response addresses both streams without omitting either.
anthropic/claude-opus-4-6@default,1,SUCCESS,5,5,1.0,,"PASS: Response correctly identifies GOOG and MSFT as appearing in both portfolios.; PASS: Response correctly identifies Portfolio A realized profit on AAPL (bought at $178, sold at $185).; PASS: Response correctly identifies Portfolio B realized profit on TSLA (bought at $245, sold at $261).; PASS: Response correctly identifies Portfolio B realized profit on NVDA sold position.; PASS: Response does not conflate trades between the two portfolios."
anthropic/claude-opus-4-6@default,2,SUCCESS,5,5,1.0,,PASS: Response correctly identifies Team A as experiencing a blocker on Tuesday.; PASS: Response correctly identifies the blocker as missing API credentials.; PASS: Response correctly identifies Friday as the day Team B began depending on Team A's API.; PASS: Response does not attribute Team B's progress as blocked.; PASS: Response addresses both team streams without omitting either.
anthropic/claude-opus-4-6@default,3,SUCCESS,5,5,1.0,,PASS: Response correctly identifies Student B as scoring higher on the midterm (85 vs 74).; PASS: Response correctly calculates Student A's average assignment score as approximately 88.3 (265/3).; PASS: Response correctly calculates Student B's average assignment score as approximately 87.7 (263/3).; PASS: Response correctly identifies Student A as having the higher average assignment score.; PASS: Response does not conflate exam scores with assignment scores or mix up the two students.
anthropic/claude-opus-4-6@default,4,SUCCESS,5,5,1.0,,PASS: Response correctly identifies Factory A as having higher total output (1250 units vs 1235 units).; PASS: Response correctly identifies Factory A as having more total defects (11 vs 8).; PASS: Response correctly attributes the equipment calibration halt to Factory A on Tuesday.; PASS: Response correctly attributes the supply delay halt to Factory B on Wednesday.; PASS: Response does not conflate the two factories' halt causes or production figures.
anthropic/claude-sonnet-4-5@20250929,0,SUCCESS,5,5,1.0,,PASS: Response correctly identifies 2 errors on Server A.; PASS: Response correctly identifies 2 errors on Server B.; PASS: Response identifies 'Timeout on database connection' as appearing on both servers.; PASS: Response does not confuse errors between the two servers.; PASS: Response addresses both streams without omitting either.
anthropic/claude-sonnet-4-5@20250929,1,SUCCESS,5,5,1.0,,"PASS: Response correctly identifies GOOG and MSFT as appearing in both portfolios.; PASS: Response correctly identifies Portfolio A realized profit on AAPL (bought at $178, sold at $185).; PASS: Response correctly identifies Portfolio B realized profit on TSLA (bought at $245, sold at $261).; PASS: Response correctly identifies Portfolio B realized profit on NVDA sold position.; PASS: Response does not conflate trades between the two portfolios."
anthropic/claude-sonnet-4-5@20250929,2,SUCCESS,5,5,1.0,,PASS: Response correctly identifies Team A as experiencing a blocker on Tuesday.; PASS: Response correctly identifies the blocker as missing API credentials.; PASS: Response correctly identifies Friday as the day Team B began depending on Team A's API.; PASS: Response does not attribute Team B's progress as blocked.; PASS: Response addresses both team streams without omitting either.
anthropic/claude-sonnet-4-5@20250929,3,SUCCESS,5,5,1.0,,PASS: Response correctly identifies Student B as scoring higher on the midterm (85 vs 74).; PASS: Response correctly calculates Student A's average assignment score as approximately 88.3 (265/3).; PASS: Response correctly calculates Student B's average assignment score as approximately 87.7 (263/3).; PASS: Response correctly identifies Student A as having the higher average assignment score.; PASS: Response does not conflate exam scores with assignment scores or mix up the two students.
anthropic/claude-sonnet-4-5@20250929,4,SUCCESS,5,5,1.0,,PASS: Response correctly identifies Factory A as having higher total output (1250 units vs 1235 units).; PASS: Response correctly identifies Factory A as having more total defects (11 vs 8).; PASS: Response correctly attributes the equipment calibration halt to Factory A on Tuesday.; PASS: Response correctly attributes the supply delay halt to Factory B on Wednesday.; PASS: Response does not conflate the two factories' halt causes or production figures.
anthropic/claude-sonnet-4-6@default,0,SUCCESS,5,5,1.0,,PASS: Response correctly identifies 2 errors on Server A.; PASS: Response correctly identifies 2 errors on Server B.; PASS: Response identifies 'Timeout on database connection' as appearing on both servers.; PASS: Response does not confuse errors between the two servers.; PASS: Response addresses both streams without omitting either.
anthropic/claude-sonnet-4-6@default,1,SUCCESS,5,5,1.0,,"PASS: Response correctly identifies GOOG and MSFT as appearing in both portfolios.; PASS: Response correctly identifies Portfolio A realized profit on AAPL (bought at $178, sold at $185).; PASS: Response correctly identifies Portfolio B realized profit on TSLA (bought at $245, sold at $261).; PASS: Response correctly identifies Portfolio B realized profit on NVDA sold position.; PASS: Response does not conflate trades between the two portfolios."
anthropic/claude-sonnet-4-6@default,2,SUCCESS,5,5,1.0,,PASS: Response correctly identifies Team A as experiencing a blocker on Tuesday.; PASS: Response correctly identifies the blocker as missing API credentials.; PASS: Response correctly identifies Friday as the day Team B began depending on Team A's API.; PASS: Response does not attribute Team B's progress as blocked.; PASS: Response addresses both team streams without omitting either.
anthropic/claude-sonnet-4-6@default,3,SUCCESS,5,5,1.0,,PASS: Response correctly identifies Student B as scoring higher on the midterm (85 vs 74).; PASS: Response correctly calculates Student A's average assignment score as approximately 88.3 (265/3).; PASS: Response correctly calculates Student B's average assignment score as approximately 87.7 (263/3).; PASS: Response correctly identifies Student A as having the higher average assignment score.; PASS: Response does not conflate exam scores with assignment scores or mix up the two students.
anthropic/claude-sonnet-4-6@default,4,SUCCESS,5,5,1.0,,PASS: Response correctly identifies Factory A as having higher total output (1250 units vs 1235 units).; PASS: Response correctly identifies Factory A as having more total defects (11 vs 8).; PASS: Response correctly attributes the equipment calibration halt to Factory A on Tuesday.; PASS: Response correctly attributes the supply delay halt to Factory B on Wednesday.; PASS: Response does not conflate the two factories' halt causes or production figures.
anthropic/claude-sonnet-4@20250514,0,SUCCESS,5,5,1.0,,PASS: Response correctly identifies 2 errors on Server A.; PASS: Response correctly identifies 2 errors on Server B.; PASS: Response identifies 'Timeout on database connection' as appearing on both servers.; PASS: Response does not confuse errors between the two servers.; PASS: Response addresses both streams without omitting either.
anthropic/claude-sonnet-4@20250514,1,SUCCESS,4,5,0.8,,"FAIL: Response correctly identifies GOOG and MSFT as appearing in both portfolios.; PASS: Response correctly identifies Portfolio A realized profit on AAPL (bought at $178, sold at $185).; PASS: Response correctly identifies Portfolio B realized profit on TSLA (bought at $245, sold at $261).; PASS: Response correctly identifies Portfolio B realized profit on NVDA sold position.; PASS: Response does not conflate trades between the two portfolios."
anthropic/claude-sonnet-4@20250514,2,SUCCESS,5,5,1.0,,PASS: Response correctly identifies Team A as experiencing a blocker on Tuesday.; PASS: Response correctly identifies the blocker as missing API credentials.; PASS: Response correctly identifies Friday as the day Team B began depending on Team A's API.; PASS: Response does not attribute Team B's progress as blocked.; PASS: Response addresses both team streams without omitting either.
anthropic/claude-sonnet-4@20250514,3,SUCCESS,5,5,1.0,,PASS: Response correctly identifies Student B as scoring higher on the midterm (85 vs 74).; PASS: Response correctly calculates Student A's average assignment score as approximately 88.3 (265/3).; PASS: Response correctly calculates Student B's average assignment score as approximately 87.7 (263/3).; PASS: Response correctly identifies Student A as having the higher average assignment score.; PASS: Response does not conflate exam scores with assignment scores or mix up the two students.
anthropic/claude-sonnet-4@20250514,4,SUCCESS,5,5,1.0,,PASS: Response correctly identifies Factory A as having higher total output (1250 units vs 1235 units).; PASS: Response correctly identifies Factory A as having more total defects (11 vs 8).; PASS: Response correctly attributes the equipment calibration halt to Factory A on Tuesday.; PASS: Response correctly attributes the supply delay halt to Factory B on Wednesday.; PASS: Response does not conflate the two factories' halt causes or production figures.
deepseek-ai/deepseek-r1-0528,0,SUCCESS,5,5,1.0,,PASS: Response correctly identifies 2 errors on Server A.; PASS: Response correctly identifies 2 errors on Server B.; PASS: Response identifies 'Timeout on database connection' as appearing on both servers.; PASS: Response does not confuse errors between the two servers.; PASS: Response addresses both streams without omitting either.
deepseek-ai/deepseek-r1-0528,1,SUCCESS,5,5,1.0,,"PASS: Response correctly identifies GOOG and MSFT as appearing in both portfolios.; PASS: Response correctly identifies Portfolio A realized profit on AAPL (bought at $178, sold at $185).; PASS: Response correctly identifies Portfolio B realized profit on TSLA (bought at $245, sold at $261).; PASS: Response correctly identifies Portfolio B realized profit on NVDA sold position.; PASS: Response does not conflate trades between the two portfolios."
deepseek-ai/deepseek-r1-0528,2,SUCCESS,5,5,1.0,,PASS: Response correctly identifies Team A as experiencing a blocker on Tuesday.; PASS: Response correctly identifies the blocker as missing API credentials.; PASS: Response correctly identifies Friday as the day Team B began depending on Team A's API.; PASS: Response does not attribute Team B's progress as blocked.; PASS: Response addresses both team streams without omitting either.
deepseek-ai/deepseek-r1-0528,3,SUCCESS,5,5,1.0,,PASS: Response correctly identifies Student B as scoring higher on the midterm (85 vs 74).; PASS: Response correctly calculates Student A's average assignment score as approximately 88.3 (265/3).; PASS: Response correctly calculates Student B's average assignment score as approximately 87.7 (263/3).; PASS: Response correctly identifies Student A as having the higher average assignment score.; PASS: Response does not conflate exam scores with assignment scores or mix up the two students.
deepseek-ai/deepseek-r1-0528,4,SUCCESS,4,5,0.8,,PASS: Response correctly identifies Factory A as having higher total output (1250 units vs 1235 units).; PASS: Response correctly identifies Factory A as having more total defects (11 vs 8).; PASS: Response correctly attributes the equipment calibration halt to Factory A on Tuesday.; PASS: Response correctly attributes the supply delay halt to Factory B on Wednesday.; FAIL: Response does not conflate the two factories' halt causes or production figures.
deepseek-ai/deepseek-v3.1,0,SUCCESS,5,5,1.0,,PASS: Response correctly identifies 2 errors on Server A.; PASS: Response correctly identifies 2 errors on Server B.; PASS: Response identifies 'Timeout on database connection' as appearing on both servers.; PASS: Response does not confuse errors between the two servers.; PASS: Response addresses both streams without omitting either.
deepseek-ai/deepseek-v3.1,1,SUCCESS,5,5,1.0,,"PASS: Response correctly identifies GOOG and MSFT as appearing in both portfolios.; PASS: Response correctly identifies Portfolio A realized profit on AAPL (bought at $178, sold at $185).; PASS: Response correctly identifies Portfolio B realized profit on TSLA (bought at $245, sold at $261).; PASS: Response correctly identifies Portfolio B realized profit on NVDA sold position.; PASS: Response does not conflate trades between the two portfolios."
deepseek-ai/deepseek-v3.1,2,SUCCESS,5,5,1.0,,PASS: Response correctly identifies Team A as experiencing a blocker on Tuesday.; PASS: Response correctly identifies the blocker as missing API credentials.; PASS: Response correctly identifies Friday as the day Team B began depending on Team A's API.; PASS: Response does not attribute Team B's progress as blocked.; PASS: Response addresses both team streams without omitting either.
deepseek-ai/deepseek-v3.1,3,SUCCESS,5,5,1.0,,PASS: Response correctly identifies Student B as scoring higher on the midterm (85 vs 74).; PASS: Response correctly calculates Student A's average assignment score as approximately 88.3 (265/3).; PASS: Response correctly calculates Student B's average assignment score as approximately 87.7 (263/3).; PASS: Response correctly identifies Student A as having the higher average assignment score.; PASS: Response does not conflate exam scores with assignment scores or mix up the two students.
deepseek-ai/deepseek-v3.1,4,SUCCESS,5,5,1.0,,PASS: Response correctly identifies Factory A as having higher total output (1250 units vs 1235 units).; PASS: Response correctly identifies Factory A as having more total defects (11 vs 8).; PASS: Response correctly attributes the equipment calibration halt to Factory A on Tuesday.; PASS: Response correctly attributes the supply delay halt to Factory B on Wednesday.; PASS: Response does not conflate the two factories' halt causes or production figures.
deepseek-ai/deepseek-v3.2,0,SUCCESS,5,5,1.0,,PASS: Response correctly identifies 2 errors on Server A.; PASS: Response correctly identifies 2 errors on Server B.; PASS: Response identifies 'Timeout on database connection' as appearing on both servers.; PASS: Response does not confuse errors between the two servers.; PASS: Response addresses both streams without omitting either.
deepseek-ai/deepseek-v3.2,1,SUCCESS,5,5,1.0,,"PASS: Response correctly identifies GOOG and MSFT as appearing in both portfolios.; PASS: Response correctly identifies Portfolio A realized profit on AAPL (bought at $178, sold at $185).; PASS: Response correctly identifies Portfolio B realized profit on TSLA (bought at $245, sold at $261).; PASS: Response correctly identifies Portfolio B realized profit on NVDA sold position.; PASS: Response does not conflate trades between the two portfolios."
deepseek-ai/deepseek-v3.2,2,SUCCESS,5,5,1.0,,PASS: Response correctly identifies Team A as experiencing a blocker on Tuesday.; PASS: Response correctly identifies the blocker as missing API credentials.; PASS: Response correctly identifies Friday as the day Team B began depending on Team A's API.; PASS: Response does not attribute Team B's progress as blocked.; PASS: Response addresses both team streams without omitting either.
deepseek-ai/deepseek-v3.2,3,SUCCESS,5,5,1.0,,PASS: Response correctly identifies Student B as scoring higher on the midterm (85 vs 74).; PASS: Response correctly calculates Student A's average assignment score as approximately 88.3 (265/3).; PASS: Response correctly calculates Student B's average assignment score as approximately 87.7 (263/3).; PASS: Response correctly identifies Student A as having the higher average assignment score.; PASS: Response does not conflate exam scores with assignment scores or mix up the two students.
deepseek-ai/deepseek-v3.2,4,SUCCESS,5,5,1.0,,PASS: Response correctly identifies Factory A as having higher total output (1250 units vs 1235 units).; PASS: Response correctly identifies Factory A as having more total defects (11 vs 8).; PASS: Response correctly attributes the equipment calibration halt to Factory A on Tuesday.; PASS: Response correctly attributes the supply delay halt to Factory B on Wednesday.; PASS: Response does not conflate the two factories' halt causes or production figures.
google/gemini-2.0-flash,0,SUCCESS,5,5,1.0,,PASS: Response correctly identifies 2 errors on Server A.; PASS: Response correctly identifies 2 errors on Server B.; PASS: Response identifies 'Timeout on database connection' as appearing on both servers.; PASS: Response does not confuse errors between the two servers.; PASS: Response addresses both streams without omitting either.
google/gemini-2.0-flash,1,SUCCESS,5,5,1.0,,"PASS: Response correctly identifies GOOG and MSFT as appearing in both portfolios.; PASS: Response correctly identifies Portfolio A realized profit on AAPL (bought at $178, sold at $185).; PASS: Response correctly identifies Portfolio B realized profit on TSLA (bought at $245, sold at $261).; PASS: Response correctly identifies Portfolio B realized profit on NVDA sold position.; PASS: Response does not conflate trades between the two portfolios."
google/gemini-2.0-flash,2,SUCCESS,5,5,1.0,,PASS: Response correctly identifies Team A as experiencing a blocker on Tuesday.; PASS: Response correctly identifies the blocker as missing API credentials.; PASS: Response correctly identifies Friday as the day Team B began depending on Team A's API.; PASS: Response does not attribute Team B's progress as blocked.; PASS: Response addresses both team streams without omitting either.
google/gemini-2.0-flash,3,SUCCESS,5,5,1.0,,PASS: Response correctly identifies Student B as scoring higher on the midterm (85 vs 74).; PASS: Response correctly calculates Student A's average assignment score as approximately 88.3 (265/3).; PASS: Response correctly calculates Student B's average assignment score as approximately 87.7 (263/3).; PASS: Response correctly identifies Student A as having the higher average assignment score.; PASS: Response does not conflate exam scores with assignment scores or mix up the two students.
google/gemini-2.0-flash,4,SUCCESS,5,5,1.0,,PASS: Response correctly identifies Factory A as having higher total output (1250 units vs 1235 units).; PASS: Response correctly identifies Factory A as having more total defects (11 vs 8).; PASS: Response correctly attributes the equipment calibration halt to Factory A on Tuesday.; PASS: Response correctly attributes the supply delay halt to Factory B on Wednesday.; PASS: Response does not conflate the two factories' halt causes or production figures.
google/gemini-2.0-flash-lite,0,SUCCESS,5,5,1.0,,PASS: Response correctly identifies 2 errors on Server A.; PASS: Response correctly identifies 2 errors on Server B.; PASS: Response identifies 'Timeout on database connection' as appearing on both servers.; PASS: Response does not confuse errors between the two servers.; PASS: Response addresses both streams without omitting either.
google/gemini-2.0-flash-lite,1,SUCCESS,5,5,1.0,,"PASS: Response correctly identifies GOOG and MSFT as appearing in both portfolios.; PASS: Response correctly identifies Portfolio A realized profit on AAPL (bought at $178, sold at $185).; PASS: Response correctly identifies Portfolio B realized profit on TSLA (bought at $245, sold at $261).; PASS: Response correctly identifies Portfolio B realized profit on NVDA sold position.; PASS: Response does not conflate trades between the two portfolios."
google/gemini-2.0-flash-lite,2,SUCCESS,5,5,1.0,,PASS: Response correctly identifies Team A as experiencing a blocker on Tuesday.; PASS: Response correctly identifies the blocker as missing API credentials.; PASS: Response correctly identifies Friday as the day Team B began depending on Team A's API.; PASS: Response does not attribute Team B's progress as blocked.; PASS: Response addresses both team streams without omitting either.
google/gemini-2.0-flash-lite,3,SUCCESS,5,5,1.0,,PASS: Response correctly identifies Student B as scoring higher on the midterm (85 vs 74).; PASS: Response correctly calculates Student A's average assignment score as approximately 88.3 (265/3).; PASS: Response correctly calculates Student B's average assignment score as approximately 87.7 (263/3).; PASS: Response correctly identifies Student A as having the higher average assignment score.; PASS: Response does not conflate exam scores with assignment scores or mix up the two students.
google/gemini-2.0-flash-lite,4,SUCCESS,3,5,0.6,,PASS: Response correctly identifies Factory A as having higher total output (1250 units vs 1235 units).; PASS: Response correctly identifies Factory A as having more total defects (11 vs 8).; FAIL: Response correctly attributes the equipment calibration halt to Factory A on Tuesday.; FAIL: Response correctly attributes the supply delay halt to Factory B on Wednesday.; PASS: Response does not conflate the two factories' halt causes or production figures.
google/gemini-2.5-flash,0,SUCCESS,5,5,1.0,,PASS: Response correctly identifies 2 errors on Server A.; PASS: Response correctly identifies 2 errors on Server B.; PASS: Response identifies 'Timeout on database connection' as appearing on both servers.; PASS: Response does not confuse errors between the two servers.; PASS: Response addresses both streams without omitting either.
google/gemini-2.5-flash,1,SUCCESS,5,5,1.0,,"PASS: Response correctly identifies GOOG and MSFT as appearing in both portfolios.; PASS: Response correctly identifies Portfolio A realized profit on AAPL (bought at $178, sold at $185).; PASS: Response correctly identifies Portfolio B realized profit on TSLA (bought at $245, sold at $261).; PASS: Response correctly identifies Portfolio B realized profit on NVDA sold position.; PASS: Response does not conflate trades between the two portfolios."
google/gemini-2.5-flash,2,SUCCESS,3,5,0.6,,FAIL: Response correctly identifies Team A as experiencing a blocker on Tuesday.; FAIL: Response correctly identifies the blocker as missing API credentials.; PASS: Response correctly identifies Friday as the day Team B began depending on Team A's API.; PASS: Response does not attribute Team B's progress as blocked.; PASS: Response addresses both team streams without omitting either.
google/gemini-2.5-flash,3,SUCCESS,5,5,1.0,,PASS: Response correctly identifies Student B as scoring higher on the midterm (85 vs 74).; PASS: Response correctly calculates Student A's average assignment score as approximately 88.3 (265/3).; PASS: Response correctly calculates Student B's average assignment score as approximately 87.7 (263/3).; PASS: Response correctly identifies Student A as having the higher average assignment score.; PASS: Response does not conflate exam scores with assignment scores or mix up the two students.
google/gemini-2.5-flash,4,SUCCESS,3,5,0.6,,PASS: Response correctly identifies Factory A as having higher total output (1250 units vs 1235 units).; PASS: Response correctly identifies Factory A as having more total defects (11 vs 8).; FAIL: Response correctly attributes the equipment calibration halt to Factory A on Tuesday.; FAIL: Response correctly attributes the supply delay halt to Factory B on Wednesday.; PASS: Response does not conflate the two factories' halt causes or production figures.
google/gemini-2.5-pro,0,SUCCESS,5,5,1.0,,PASS: Response correctly identifies 2 errors on Server A.; PASS: Response correctly identifies 2 errors on Server B.; PASS: Response identifies 'Timeout on database connection' as appearing on both servers.; PASS: Response does not confuse errors between the two servers.; PASS: Response addresses both streams without omitting either.
google/gemini-2.5-pro,1,SUCCESS,5,5,1.0,,"PASS: Response correctly identifies GOOG and MSFT as appearing in both portfolios.; PASS: Response correctly identifies Portfolio A realized profit on AAPL (bought at $178, sold at $185).; PASS: Response correctly identifies Portfolio B realized profit on TSLA (bought at $245, sold at $261).; PASS: Response correctly identifies Portfolio B realized profit on NVDA sold position.; PASS: Response does not conflate trades between the two portfolios."
google/gemini-2.5-pro,2,SUCCESS,4,5,0.8,,PASS: Response correctly identifies Team A as experiencing a blocker on Tuesday.; FAIL: Response correctly identifies the blocker as missing API credentials.; PASS: Response correctly identifies Friday as the day Team B began depending on Team A's API.; PASS: Response does not attribute Team B's progress as blocked.; PASS: Response addresses both team streams without omitting either.
google/gemini-2.5-pro,3,SUCCESS,5,5,1.0,,PASS: Response correctly identifies Student B as scoring higher on the midterm (85 vs 74).; PASS: Response correctly calculates Student A's average assignment score as approximately 88.3 (265/3).; PASS: Response correctly calculates Student B's average assignment score as approximately 87.7 (263/3).; PASS: Response correctly identifies Student A as having the higher average assignment score.; PASS: Response does not conflate exam scores with assignment scores or mix up the two students.
google/gemini-2.5-pro,4,SUCCESS,3,5,0.6,,PASS: Response correctly identifies Factory A as having higher total output (1250 units vs 1235 units).; PASS: Response correctly identifies Factory A as having more total defects (11 vs 8).; FAIL: Response correctly attributes the equipment calibration halt to Factory A on Tuesday.; FAIL: Response correctly attributes the supply delay halt to Factory B on Wednesday.; PASS: Response does not conflate the two factories' halt causes or production figures.
google/gemini-3-flash-preview,0,SUCCESS,5,5,1.0,,PASS: Response correctly identifies 2 errors on Server A.; PASS: Response correctly identifies 2 errors on Server B.; PASS: Response identifies 'Timeout on database connection' as appearing on both servers.; PASS: Response does not confuse errors between the two servers.; PASS: Response addresses both streams without omitting either.
google/gemini-3-flash-preview,1,SUCCESS,5,5,1.0,,"PASS: Response correctly identifies GOOG and MSFT as appearing in both portfolios.; PASS: Response correctly identifies Portfolio A realized profit on AAPL (bought at $178, sold at $185).; PASS: Response correctly identifies Portfolio B realized profit on TSLA (bought at $245, sold at $261).; PASS: Response correctly identifies Portfolio B realized profit on NVDA sold position.; PASS: Response does not conflate trades between the two portfolios."
google/gemini-3-flash-preview,2,SUCCESS,5,5,1.0,,PASS: Response correctly identifies Team A as experiencing a blocker on Tuesday.; PASS: Response correctly identifies the blocker as missing API credentials.; PASS: Response correctly identifies Friday as the day Team B began depending on Team A's API.; PASS: Response does not attribute Team B's progress as blocked.; PASS: Response addresses both team streams without omitting either.
google/gemini-3-flash-preview,3,SUCCESS,5,5,1.0,,PASS: Response correctly identifies Student B as scoring higher on the midterm (85 vs 74).; PASS: Response correctly calculates Student A's average assignment score as approximately 88.3 (265/3).; PASS: Response correctly calculates Student B's average assignment score as approximately 87.7 (263/3).; PASS: Response correctly identifies Student A as having the higher average assignment score.; PASS: Response does not conflate exam scores with assignment scores or mix up the two students.
google/gemini-3-flash-preview,4,SUCCESS,5,5,1.0,,PASS: Response correctly identifies Factory A as having higher total output (1250 units vs 1235 units).; PASS: Response correctly identifies Factory A as having more total defects (11 vs 8).; PASS: Response correctly attributes the equipment calibration halt to Factory A on Tuesday.; PASS: Response correctly attributes the supply delay halt to Factory B on Wednesday.; PASS: Response does not conflate the two factories' halt causes or production figures.
google/gemini-3.1-flash-lite-preview,0,SUCCESS,5,5,1.0,,PASS: Response correctly identifies 2 errors on Server A.; PASS: Response correctly identifies 2 errors on Server B.; PASS: Response identifies 'Timeout on database connection' as appearing on both servers.; PASS: Response does not confuse errors between the two servers.; PASS: Response addresses both streams without omitting either.
google/gemini-3.1-flash-lite-preview,1,SUCCESS,5,5,1.0,,"PASS: Response correctly identifies GOOG and MSFT as appearing in both portfolios.; PASS: Response correctly identifies Portfolio A realized profit on AAPL (bought at $178, sold at $185).; PASS: Response correctly identifies Portfolio B realized profit on TSLA (bought at $245, sold at $261).; PASS: Response correctly identifies Portfolio B realized profit on NVDA sold position.; PASS: Response does not conflate trades between the two portfolios."
google/gemini-3.1-flash-lite-preview,2,SUCCESS,5,5,1.0,,PASS: Response correctly identifies Team A as experiencing a blocker on Tuesday.; PASS: Response correctly identifies the blocker as missing API credentials.; PASS: Response correctly identifies Friday as the day Team B began depending on Team A's API.; PASS: Response does not attribute Team B's progress as blocked.; PASS: Response addresses both team streams without omitting either.
google/gemini-3.1-flash-lite-preview,3,SUCCESS,5,5,1.0,,PASS: Response correctly identifies Student B as scoring higher on the midterm (85 vs 74).; PASS: Response correctly calculates Student A's average assignment score as approximately 88.3 (265/3).; PASS: Response correctly calculates Student B's average assignment score as approximately 87.7 (263/3).; PASS: Response correctly identifies Student A as having the higher average assignment score.; PASS: Response does not conflate exam scores with assignment scores or mix up the two students.
google/gemini-3.1-flash-lite-preview,4,SUCCESS,3,5,0.6,,PASS: Response correctly identifies Factory A as having higher total output (1250 units vs 1235 units).; PASS: Response correctly identifies Factory A as having more total defects (11 vs 8).; FAIL: Response correctly attributes the equipment calibration halt to Factory A on Tuesday.; FAIL: Response correctly attributes the supply delay halt to Factory B on Wednesday.; PASS: Response does not conflate the two factories' halt causes or production figures.
google/gemini-3.1-pro-preview,0,SUCCESS,5,5,1.0,,PASS: Response correctly identifies 2 errors on Server A.; PASS: Response correctly identifies 2 errors on Server B.; PASS: Response identifies 'Timeout on database connection' as appearing on both servers.; PASS: Response does not confuse errors between the two servers.; PASS: Response addresses both streams without omitting either.
google/gemini-3.1-pro-preview,1,SUCCESS,5,5,1.0,,"PASS: Response correctly identifies GOOG and MSFT as appearing in both portfolios.; PASS: Response correctly identifies Portfolio A realized profit on AAPL (bought at $178, sold at $185).; PASS: Response correctly identifies Portfolio B realized profit on TSLA (bought at $245, sold at $261).; PASS: Response correctly identifies Portfolio B realized profit on NVDA sold position.; PASS: Response does not conflate trades between the two portfolios."
google/gemini-3.1-pro-preview,2,SUCCESS,5,5,1.0,,PASS: Response correctly identifies Team A as experiencing a blocker on Tuesday.; PASS: Response correctly identifies the blocker as missing API credentials.; PASS: Response correctly identifies Friday as the day Team B began depending on Team A's API.; PASS: Response does not attribute Team B's progress as blocked.; PASS: Response addresses both team streams without omitting either.
google/gemini-3.1-pro-preview,3,SUCCESS,5,5,1.0,,PASS: Response correctly identifies Student B as scoring higher on the midterm (85 vs 74).; PASS: Response correctly calculates Student A's average assignment score as approximately 88.3 (265/3).; PASS: Response correctly calculates Student B's average assignment score as approximately 87.7 (263/3).; PASS: Response correctly identifies Student A as having the higher average assignment score.; PASS: Response does not conflate exam scores with assignment scores or mix up the two students.
google/gemini-3.1-pro-preview,4,SUCCESS,5,5,1.0,,PASS: Response correctly identifies Factory A as having higher total output (1250 units vs 1235 units).; PASS: Response correctly identifies Factory A as having more total defects (11 vs 8).; PASS: Response correctly attributes the equipment calibration halt to Factory A on Tuesday.; PASS: Response correctly attributes the supply delay halt to Factory B on Wednesday.; PASS: Response does not conflate the two factories' halt causes or production figures.
google/gemma-3-12b,0,SUCCESS,5,5,1.0,,PASS: Response correctly identifies 2 errors on Server A.; PASS: Response correctly identifies 2 errors on Server B.; PASS: Response identifies 'Timeout on database connection' as appearing on both servers.; PASS: Response does not confuse errors between the two servers.; PASS: Response addresses both streams without omitting either.
google/gemma-3-12b,1,SUCCESS,5,5,1.0,,"PASS: Response correctly identifies GOOG and MSFT as appearing in both portfolios.; PASS: Response correctly identifies Portfolio A realized profit on AAPL (bought at $178, sold at $185).; PASS: Response correctly identifies Portfolio B realized profit on TSLA (bought at $245, sold at $261).; PASS: Response correctly identifies Portfolio B realized profit on NVDA sold position.; PASS: Response does not conflate trades between the two portfolios."
google/gemma-3-12b,2,SUCCESS,5,5,1.0,,PASS: Response correctly identifies Team A as experiencing a blocker on Tuesday.; PASS: Response correctly identifies the blocker as missing API credentials.; PASS: Response correctly identifies Friday as the day Team B began depending on Team A's API.; PASS: Response does not attribute Team B's progress as blocked.; PASS: Response addresses both team streams without omitting either.
google/gemma-3-12b,3,SUCCESS,3,5,0.6,,PASS: Response correctly identifies Student B as scoring higher on the midterm (85 vs 74).; PASS: Response correctly calculates Student A's average assignment score as approximately 88.3 (265/3).; PASS: Response correctly calculates Student B's average assignment score as approximately 87.7 (263/3).; FAIL: Response correctly identifies Student A as having the higher average assignment score.; FAIL: Response does not conflate exam scores with assignment scores or mix up the two students.
google/gemma-3-12b,4,SUCCESS,3,5,0.6,,PASS: Response correctly identifies Factory A as having higher total output (1250 units vs 1235 units).; PASS: Response correctly identifies Factory A as having more total defects (11 vs 8).; FAIL: Response correctly attributes the equipment calibration halt to Factory A on Tuesday.; FAIL: Response correctly attributes the supply delay halt to Factory B on Wednesday.; PASS: Response does not conflate the two factories' halt causes or production figures.
google/gemma-3-1b,0,SUCCESS,4,5,0.8,,PASS: Response correctly identifies 2 errors on Server A.; PASS: Response correctly identifies 2 errors on Server B.; FAIL: Response identifies 'Timeout on database connection' as appearing on both servers.; PASS: Response does not confuse errors between the two servers.; PASS: Response addresses both streams without omitting either.
google/gemma-3-1b,1,SUCCESS,3,5,0.6,,"FAIL: Response correctly identifies GOOG and MSFT as appearing in both portfolios.; PASS: Response correctly identifies Portfolio A realized profit on AAPL (bought at $178, sold at $185).; PASS: Response correctly identifies Portfolio B realized profit on TSLA (bought at $245, sold at $261).; FAIL: Response correctly identifies Portfolio B realized profit on NVDA sold position.; PASS: Response does not conflate trades between the two portfolios."
google/gemma-3-1b,2,SUCCESS,5,5,1.0,,PASS: Response correctly identifies Team A as experiencing a blocker on Tuesday.; PASS: Response correctly identifies the blocker as missing API credentials.; PASS: Response correctly identifies Friday as the day Team B began depending on Team A's API.; PASS: Response does not attribute Team B's progress as blocked.; PASS: Response addresses both team streams without omitting either.
google/gemma-3-1b,3,SUCCESS,2,5,0.4,,PASS: Response correctly identifies Student B as scoring higher on the midterm (85 vs 74).; FAIL: Response correctly calculates Student A's average assignment score as approximately 88.3 (265/3).; FAIL: Response correctly calculates Student B's average assignment score as approximately 87.7 (263/3).; FAIL: Response correctly identifies Student A as having the higher average assignment score.; PASS: Response does not conflate exam scores with assignment scores or mix up the two students.
google/gemma-3-1b,4,SUCCESS,3,5,0.6,,FAIL: Response correctly identifies Factory A as having higher total output (1250 units vs 1235 units).; FAIL: Response correctly identifies Factory A as having more total defects (11 vs 8).; PASS: Response correctly attributes the equipment calibration halt to Factory A on Tuesday.; PASS: Response correctly attributes the supply delay halt to Factory B on Wednesday.; PASS: Response does not conflate the two factories' halt causes or production figures.
google/gemma-3-27b,0,SUCCESS,5,5,1.0,,PASS: Response correctly identifies 2 errors on Server A.; PASS: Response correctly identifies 2 errors on Server B.; PASS: Response identifies 'Timeout on database connection' as appearing on both servers.; PASS: Response does not confuse errors between the two servers.; PASS: Response addresses both streams without omitting either.
google/gemma-3-27b,1,SUCCESS,5,5,1.0,,"PASS: Response correctly identifies GOOG and MSFT as appearing in both portfolios.; PASS: Response correctly identifies Portfolio A realized profit on AAPL (bought at $178, sold at $185).; PASS: Response correctly identifies Portfolio B realized profit on TSLA (bought at $245, sold at $261).; PASS: Response correctly identifies Portfolio B realized profit on NVDA sold position.; PASS: Response does not conflate trades between the two portfolios."
google/gemma-3-27b,2,SUCCESS,5,5,1.0,,PASS: Response correctly identifies Team A as experiencing a blocker on Tuesday.; PASS: Response correctly identifies the blocker as missing API credentials.; PASS: Response correctly identifies Friday as the day Team B began depending on Team A's API.; PASS: Response does not attribute Team B's progress as blocked.; PASS: Response addresses both team streams without omitting either.
google/gemma-3-27b,3,SUCCESS,5,5,1.0,,PASS: Response correctly identifies Student B as scoring higher on the midterm (85 vs 74).; PASS: Response correctly calculates Student A's average assignment score as approximately 88.3 (265/3).; PASS: Response correctly calculates Student B's average assignment score as approximately 87.7 (263/3).; PASS: Response correctly identifies Student A as having the higher average assignment score.; PASS: Response does not conflate exam scores with assignment scores or mix up the two students.
google/gemma-3-27b,4,SUCCESS,3,5,0.6,,PASS: Response correctly identifies Factory A as having higher total output (1250 units vs 1235 units).; PASS: Response correctly identifies Factory A as having more total defects (11 vs 8).; FAIL: Response correctly attributes the equipment calibration halt to Factory A on Tuesday.; FAIL: Response correctly attributes the supply delay halt to Factory B on Wednesday.; PASS: Response does not conflate the two factories' halt causes or production figures.
google/gemma-3-4b,0,SUCCESS,5,5,1.0,,PASS: Response correctly identifies 2 errors on Server A.; PASS: Response correctly identifies 2 errors on Server B.; PASS: Response identifies 'Timeout on database connection' as appearing on both servers.; PASS: Response does not confuse errors between the two servers.; PASS: Response addresses both streams without omitting either.
google/gemma-3-4b,1,SUCCESS,4,5,0.8,,"FAIL: Response correctly identifies GOOG and MSFT as appearing in both portfolios.; PASS: Response correctly identifies Portfolio A realized profit on AAPL (bought at $178, sold at $185).; PASS: Response correctly identifies Portfolio B realized profit on TSLA (bought at $245, sold at $261).; PASS: Response correctly identifies Portfolio B realized profit on NVDA sold position.; PASS: Response does not conflate trades between the two portfolios."
google/gemma-3-4b,2,SUCCESS,4,5,0.8,,PASS: Response correctly identifies Team A as experiencing a blocker on Tuesday.; PASS: Response correctly identifies the blocker as missing API credentials.; FAIL: Response correctly identifies Friday as the day Team B began depending on Team A's API.; PASS: Response does not attribute Team B's progress as blocked.; PASS: Response addresses both team streams without omitting either.
google/gemma-3-4b,3,SUCCESS,5,5,1.0,,PASS: Response correctly identifies Student B as scoring higher on the midterm (85 vs 74).; PASS: Response correctly calculates Student A's average assignment score as approximately 88.3 (265/3).; PASS: Response correctly calculates Student B's average assignment score as approximately 87.7 (263/3).; PASS: Response correctly identifies Student A as having the higher average assignment score.; PASS: Response does not conflate exam scores with assignment scores or mix up the two students.
google/gemma-3-4b,4,SUCCESS,3,5,0.6,,PASS: Response correctly identifies Factory A as having higher total output (1250 units vs 1235 units).; PASS: Response correctly identifies Factory A as having more total defects (11 vs 8).; FAIL: Response correctly attributes the equipment calibration halt to Factory A on Tuesday.; FAIL: Response correctly attributes the supply delay halt to Factory B on Wednesday.; PASS: Response does not conflate the two factories' halt causes or production figures.
google/gemma-4-26b-a4b,0,SUCCESS,5,5,1.0,,PASS: Response correctly identifies 2 errors on Server A.; PASS: Response correctly identifies 2 errors on Server B.; PASS: Response identifies 'Timeout on database connection' as appearing on both servers.; PASS: Response does not confuse errors between the two servers.; PASS: Response addresses both streams without omitting either.
google/gemma-4-26b-a4b,1,SUCCESS,5,5,1.0,,"PASS: Response correctly identifies GOOG and MSFT as appearing in both portfolios.; PASS: Response correctly identifies Portfolio A realized profit on AAPL (bought at $178, sold at $185).; PASS: Response correctly identifies Portfolio B realized profit on TSLA (bought at $245, sold at $261).; PASS: Response correctly identifies Portfolio B realized profit on NVDA sold position.; PASS: Response does not conflate trades between the two portfolios."
google/gemma-4-26b-a4b,2,SUCCESS,4,5,0.8,,PASS: Response correctly identifies Team A as experiencing a blocker on Tuesday.; FAIL: Response correctly identifies the blocker as missing API credentials.; PASS: Response correctly identifies Friday as the day Team B began depending on Team A's API.; PASS: Response does not attribute Team B's progress as blocked.; PASS: Response addresses both team streams without omitting either.
google/gemma-4-26b-a4b,3,SUCCESS,5,5,1.0,,PASS: Response correctly identifies Student B as scoring higher on the midterm (85 vs 74).; PASS: Response correctly calculates Student A's average assignment score as approximately 88.3 (265/3).; PASS: Response correctly calculates Student B's average assignment score as approximately 87.7 (263/3).; PASS: Response correctly identifies Student A as having the higher average assignment score.; PASS: Response does not conflate exam scores with assignment scores or mix up the two students.
google/gemma-4-26b-a4b,4,SUCCESS,3,5,0.6,,PASS: Response correctly identifies Factory A as having higher total output (1250 units vs 1235 units).; PASS: Response correctly identifies Factory A as having more total defects (11 vs 8).; FAIL: Response correctly attributes the equipment calibration halt to Factory A on Tuesday.; FAIL: Response correctly attributes the supply delay halt to Factory B on Wednesday.; PASS: Response does not conflate the two factories' halt causes or production figures.
google/gemma-4-31b,0,SUCCESS,5,5,1.0,,PASS: Response correctly identifies 2 errors on Server A.; PASS: Response correctly identifies 2 errors on Server B.; PASS: Response identifies 'Timeout on database connection' as appearing on both servers.; PASS: Response does not confuse errors between the two servers.; PASS: Response addresses both streams without omitting either.
google/gemma-4-31b,1,SUCCESS,5,5,1.0,,"PASS: Response correctly identifies GOOG and MSFT as appearing in both portfolios.; PASS: Response correctly identifies Portfolio A realized profit on AAPL (bought at $178, sold at $185).; PASS: Response correctly identifies Portfolio B realized profit on TSLA (bought at $245, sold at $261).; PASS: Response correctly identifies Portfolio B realized profit on NVDA sold position.; PASS: Response does not conflate trades between the two portfolios."
google/gemma-4-31b,2,SUCCESS,4,5,0.8,,PASS: Response correctly identifies Team A as experiencing a blocker on Tuesday.; FAIL: Response correctly identifies the blocker as missing API credentials.; PASS: Response correctly identifies Friday as the day Team B began depending on Team A's API.; PASS: Response does not attribute Team B's progress as blocked.; PASS: Response addresses both team streams without omitting either.
google/gemma-4-31b,3,SUCCESS,5,5,1.0,,PASS: Response correctly identifies Student B as scoring higher on the midterm (85 vs 74).; PASS: Response correctly calculates Student A's average assignment score as approximately 88.3 (265/3).; PASS: Response correctly calculates Student B's average assignment score as approximately 87.7 (263/3).; PASS: Response correctly identifies Student A as having the higher average assignment score.; PASS: Response does not conflate exam scores with assignment scores or mix up the two students.
google/gemma-4-31b,4,SUCCESS,3,5,0.6,,PASS: Response correctly identifies Factory A as having higher total output (1250 units vs 1235 units).; PASS: Response correctly identifies Factory A as having more total defects (11 vs 8).; FAIL: Response correctly attributes the equipment calibration halt to Factory A on Tuesday.; FAIL: Response correctly attributes the supply delay halt to Factory B on Wednesday.; PASS: Response does not conflate the two factories' halt causes or production figures.
openai/gpt-5.4-2026-03-05,0,SUCCESS,5,5,1.0,,PASS: Response correctly identifies 2 errors on Server A.; PASS: Response correctly identifies 2 errors on Server B.; PASS: Response identifies 'Timeout on database connection' as appearing on both servers.; PASS: Response does not confuse errors between the two servers.; PASS: Response addresses both streams without omitting either.
openai/gpt-5.4-2026-03-05,1,SUCCESS,5,5,1.0,,"PASS: Response correctly identifies GOOG and MSFT as appearing in both portfolios.; PASS: Response correctly identifies Portfolio A realized profit on AAPL (bought at $178, sold at $185).; PASS: Response correctly identifies Portfolio B realized profit on TSLA (bought at $245, sold at $261).; PASS: Response correctly identifies Portfolio B realized profit on NVDA sold position.; PASS: Response does not conflate trades between the two portfolios."
openai/gpt-5.4-2026-03-05,2,SUCCESS,5,5,1.0,,PASS: Response correctly identifies Team A as experiencing a blocker on Tuesday.; PASS: Response correctly identifies the blocker as missing API credentials.; PASS: Response correctly identifies Friday as the day Team B began depending on Team A's API.; PASS: Response does not attribute Team B's progress as blocked.; PASS: Response addresses both team streams without omitting either.
openai/gpt-5.4-2026-03-05,3,SUCCESS,5,5,1.0,,PASS: Response correctly identifies Student B as scoring higher on the midterm (85 vs 74).; PASS: Response correctly calculates Student A's average assignment score as approximately 88.3 (265/3).; PASS: Response correctly calculates Student B's average assignment score as approximately 87.7 (263/3).; PASS: Response correctly identifies Student A as having the higher average assignment score.; PASS: Response does not conflate exam scores with assignment scores or mix up the two students.
openai/gpt-5.4-2026-03-05,4,SUCCESS,3,5,0.6,,PASS: Response correctly identifies Factory A as having higher total output (1250 units vs 1235 units).; PASS: Response correctly identifies Factory A as having more total defects (11 vs 8).; FAIL: Response correctly attributes the equipment calibration halt to Factory A on Tuesday.; FAIL: Response correctly attributes the supply delay halt to Factory B on Wednesday.; PASS: Response does not conflate the two factories' halt causes or production figures.
openai/gpt-5.4-mini-2026-03-17,0,SUCCESS,5,5,1.0,,PASS: Response correctly identifies 2 errors on Server A.; PASS: Response correctly identifies 2 errors on Server B.; PASS: Response identifies 'Timeout on database connection' as appearing on both servers.; PASS: Response does not confuse errors between the two servers.; PASS: Response addresses both streams without omitting either.
openai/gpt-5.4-mini-2026-03-17,1,SUCCESS,4,5,0.8,,"FAIL: Response correctly identifies GOOG and MSFT as appearing in both portfolios.; PASS: Response correctly identifies Portfolio A realized profit on AAPL (bought at $178, sold at $185).; PASS: Response correctly identifies Portfolio B realized profit on TSLA (bought at $245, sold at $261).; PASS: Response correctly identifies Portfolio B realized profit on NVDA sold position.; PASS: Response does not conflate trades between the two portfolios."
openai/gpt-5.4-mini-2026-03-17,2,SUCCESS,4,5,0.8,,PASS: Response correctly identifies Team A as experiencing a blocker on Tuesday.; FAIL: Response correctly identifies the blocker as missing API credentials.; PASS: Response correctly identifies Friday as the day Team B began depending on Team A's API.; PASS: Response does not attribute Team B's progress as blocked.; PASS: Response addresses both team streams without omitting either.
openai/gpt-5.4-mini-2026-03-17,3,SUCCESS,5,5,1.0,,PASS: Response correctly identifies Student B as scoring higher on the midterm (85 vs 74).; PASS: Response correctly calculates Student A's average assignment score as approximately 88.3 (265/3).; PASS: Response correctly calculates Student B's average assignment score as approximately 87.7 (263/3).; PASS: Response correctly identifies Student A as having the higher average assignment score.; PASS: Response does not conflate exam scores with assignment scores or mix up the two students.
openai/gpt-5.4-mini-2026-03-17,4,SUCCESS,2,5,0.4,,FAIL: Response correctly identifies Factory A as having higher total output (1250 units vs 1235 units).; PASS: Response correctly identifies Factory A as having more total defects (11 vs 8).; FAIL: Response correctly attributes the equipment calibration halt to Factory A on Tuesday.; FAIL: Response correctly attributes the supply delay halt to Factory B on Wednesday.; PASS: Response does not conflate the two factories' halt causes or production figures.
openai/gpt-5.4-nano-2026-03-17,0,SUCCESS,5,5,1.0,,PASS: Response correctly identifies 2 errors on Server A.; PASS: Response correctly identifies 2 errors on Server B.; PASS: Response identifies 'Timeout on database connection' as appearing on both servers.; PASS: Response does not confuse errors between the two servers.; PASS: Response addresses both streams without omitting either.
openai/gpt-5.4-nano-2026-03-17,1,SUCCESS,5,5,1.0,,"PASS: Response correctly identifies GOOG and MSFT as appearing in both portfolios.; PASS: Response correctly identifies Portfolio A realized profit on AAPL (bought at $178, sold at $185).; PASS: Response correctly identifies Portfolio B realized profit on TSLA (bought at $245, sold at $261).; PASS: Response correctly identifies Portfolio B realized profit on NVDA sold position.; PASS: Response does not conflate trades between the two portfolios."
openai/gpt-5.4-nano-2026-03-17,2,SUCCESS,5,5,1.0,,PASS: Response correctly identifies Team A as experiencing a blocker on Tuesday.; PASS: Response correctly identifies the blocker as missing API credentials.; PASS: Response correctly identifies Friday as the day Team B began depending on Team A's API.; PASS: Response does not attribute Team B's progress as blocked.; PASS: Response addresses both team streams without omitting either.
openai/gpt-5.4-nano-2026-03-17,3,SUCCESS,5,5,1.0,,PASS: Response correctly identifies Student B as scoring higher on the midterm (85 vs 74).; PASS: Response correctly calculates Student A's average assignment score as approximately 88.3 (265/3).; PASS: Response correctly calculates Student B's average assignment score as approximately 87.7 (263/3).; PASS: Response correctly identifies Student A as having the higher average assignment score.; PASS: Response does not conflate exam scores with assignment scores or mix up the two students.
openai/gpt-5.4-nano-2026-03-17,4,SUCCESS,3,5,0.6,,PASS: Response correctly identifies Factory A as having higher total output (1250 units vs 1235 units).; PASS: Response correctly identifies Factory A as having more total defects (11 vs 8).; FAIL: Response correctly attributes the equipment calibration halt to Factory A on Tuesday.; FAIL: Response correctly attributes the supply delay halt to Factory B on Wednesday.; PASS: Response does not conflate the two factories' halt causes or production figures.
openai/gpt-oss-120b,0,SUCCESS,3,5,0.6,,PASS: Response correctly identifies 2 errors on Server A.; PASS: Response correctly identifies 2 errors on Server B.; FAIL: Response identifies 'Timeout on database connection' as appearing on both servers.; PASS: Response does not confuse errors between the two servers.; FAIL: Response addresses both streams without omitting either.
openai/gpt-oss-120b,1,SUCCESS,5,5,1.0,,"PASS: Response correctly identifies GOOG and MSFT as appearing in both portfolios.; PASS: Response correctly identifies Portfolio A realized profit on AAPL (bought at $178, sold at $185).; PASS: Response correctly identifies Portfolio B realized profit on TSLA (bought at $245, sold at $261).; PASS: Response correctly identifies Portfolio B realized profit on NVDA sold position.; PASS: Response does not conflate trades between the two portfolios."
openai/gpt-oss-120b,2,SUCCESS,4,5,0.8,,PASS: Response correctly identifies Team A as experiencing a blocker on Tuesday.; PASS: Response correctly identifies the blocker as missing API credentials.; PASS: Response correctly identifies Friday as the day Team B began depending on Team A's API.; PASS: Response does not attribute Team B's progress as blocked.; FAIL: Response addresses both team streams without omitting either.
openai/gpt-oss-120b,3,SUCCESS,4,5,0.8,,PASS: Response correctly identifies Student B as scoring higher on the midterm (85 vs 74).; PASS: Response correctly calculates Student A's average assignment score as approximately 88.3 (265/3).; PASS: Response correctly calculates Student B's average assignment score as approximately 87.7 (263/3).; FAIL: Response correctly identifies Student A as having the higher average assignment score.; PASS: Response does not conflate exam scores with assignment scores or mix up the two students.
openai/gpt-oss-120b,4,SUCCESS,3,5,0.6,,PASS: Response correctly identifies Factory A as having higher total output (1250 units vs 1235 units).; PASS: Response correctly identifies Factory A as having more total defects (11 vs 8).; FAIL: Response correctly attributes the equipment calibration halt to Factory A on Tuesday.; FAIL: Response correctly attributes the supply delay halt to Factory B on Wednesday.; PASS: Response does not conflate the two factories' halt causes or production figures.
openai/gpt-oss-20b,0,SUCCESS,5,5,1.0,,PASS: Response correctly identifies 2 errors on Server A.; PASS: Response correctly identifies 2 errors on Server B.; PASS: Response identifies 'Timeout on database connection' as appearing on both servers.; PASS: Response does not confuse errors between the two servers.; PASS: Response addresses both streams without omitting either.
openai/gpt-oss-20b,1,SUCCESS,3,5,0.6,,"FAIL: Response correctly identifies GOOG and MSFT as appearing in both portfolios.; FAIL: Response correctly identifies Portfolio A realized profit on AAPL (bought at $178, sold at $185).; PASS: Response correctly identifies Portfolio B realized profit on TSLA (bought at $245, sold at $261).; PASS: Response correctly identifies Portfolio B realized profit on NVDA sold position.; PASS: Response does not conflate trades between the two portfolios."
openai/gpt-oss-20b,2,SUCCESS,4,5,0.8,,PASS: Response correctly identifies Team A as experiencing a blocker on Tuesday.; FAIL: Response correctly identifies the blocker as missing API credentials.; PASS: Response correctly identifies Friday as the day Team B began depending on Team A's API.; PASS: Response does not attribute Team B's progress as blocked.; PASS: Response addresses both team streams without omitting either.
openai/gpt-oss-20b,3,SUCCESS,5,5,1.0,,PASS: Response correctly identifies Student B as scoring higher on the midterm (85 vs 74).; PASS: Response correctly calculates Student A's average assignment score as approximately 88.3 (265/3).; PASS: Response correctly calculates Student B's average assignment score as approximately 87.7 (263/3).; PASS: Response correctly identifies Student A as having the higher average assignment score.; PASS: Response does not conflate exam scores with assignment scores or mix up the two students.
openai/gpt-oss-20b,4,SUCCESS,5,5,1.0,,PASS: Response correctly identifies Factory A as having higher total output (1250 units vs 1235 units).; PASS: Response correctly identifies Factory A as having more total defects (11 vs 8).; PASS: Response correctly attributes the equipment calibration halt to Factory A on Tuesday.; PASS: Response correctly attributes the supply delay halt to Factory B on Wednesday.; PASS: Response does not conflate the two factories' halt causes or production figures.
qwen/qwen3-235b-a22b-instruct-2507,0,SUCCESS,5,5,1.0,,PASS: Response correctly identifies 2 errors on Server A.; PASS: Response correctly identifies 2 errors on Server B.; PASS: Response identifies 'Timeout on database connection' as appearing on both servers.; PASS: Response does not confuse errors between the two servers.; PASS: Response addresses both streams without omitting either.
qwen/qwen3-235b-a22b-instruct-2507,1,SUCCESS,5,5,1.0,,"PASS: Response correctly identifies GOOG and MSFT as appearing in both portfolios.; PASS: Response correctly identifies Portfolio A realized profit on AAPL (bought at $178, sold at $185).; PASS: Response correctly identifies Portfolio B realized profit on TSLA (bought at $245, sold at $261).; PASS: Response correctly identifies Portfolio B realized profit on NVDA sold position.; PASS: Response does not conflate trades between the two portfolios."
qwen/qwen3-235b-a22b-instruct-2507,2,SUCCESS,5,5,1.0,,PASS: Response correctly identifies Team A as experiencing a blocker on Tuesday.; PASS: Response correctly identifies the blocker as missing API credentials.; PASS: Response correctly identifies Friday as the day Team B began depending on Team A's API.; PASS: Response does not attribute Team B's progress as blocked.; PASS: Response addresses both team streams without omitting either.
qwen/qwen3-235b-a22b-instruct-2507,3,SUCCESS,5,5,1.0,,PASS: Response correctly identifies Student B as scoring higher on the midterm (85 vs 74).; PASS: Response correctly calculates Student A's average assignment score as approximately 88.3 (265/3).; PASS: Response correctly calculates Student B's average assignment score as approximately 87.7 (263/3).; PASS: Response correctly identifies Student A as having the higher average assignment score.; PASS: Response does not conflate exam scores with assignment scores or mix up the two students.
qwen/qwen3-235b-a22b-instruct-2507,4,SUCCESS,5,5,1.0,,PASS: Response correctly identifies Factory A as having higher total output (1250 units vs 1235 units).; PASS: Response correctly identifies Factory A as having more total defects (11 vs 8).; PASS: Response correctly attributes the equipment calibration halt to Factory A on Tuesday.; PASS: Response correctly attributes the supply delay halt to Factory B on Wednesday.; PASS: Response does not conflate the two factories' halt causes or production figures.
qwen/qwen3-coder-480b-a35b-instruct,0,SUCCESS,5,5,1.0,,PASS: Response correctly identifies 2 errors on Server A.; PASS: Response correctly identifies 2 errors on Server B.; PASS: Response identifies 'Timeout on database connection' as appearing on both servers.; PASS: Response does not confuse errors between the two servers.; PASS: Response addresses both streams without omitting either.
qwen/qwen3-coder-480b-a35b-instruct,1,SUCCESS,5,5,1.0,,"PASS: Response correctly identifies GOOG and MSFT as appearing in both portfolios.; PASS: Response correctly identifies Portfolio A realized profit on AAPL (bought at $178, sold at $185).; PASS: Response correctly identifies Portfolio B realized profit on TSLA (bought at $245, sold at $261).; PASS: Response correctly identifies Portfolio B realized profit on NVDA sold position.; PASS: Response does not conflate trades between the two portfolios."
qwen/qwen3-coder-480b-a35b-instruct,2,SUCCESS,5,5,1.0,,PASS: Response correctly identifies Team A as experiencing a blocker on Tuesday.; PASS: Response correctly identifies the blocker as missing API credentials.; PASS: Response correctly identifies Friday as the day Team B began depending on Team A's API.; PASS: Response does not attribute Team B's progress as blocked.; PASS: Response addresses both team streams without omitting either.
qwen/qwen3-coder-480b-a35b-instruct,3,SUCCESS,5,5,1.0,,PASS: Response correctly identifies Student B as scoring higher on the midterm (85 vs 74).; PASS: Response correctly calculates Student A's average assignment score as approximately 88.3 (265/3).; PASS: Response correctly calculates Student B's average assignment score as approximately 87.7 (263/3).; PASS: Response correctly identifies Student A as having the higher average assignment score.; PASS: Response does not conflate exam scores with assignment scores or mix up the two students.
qwen/qwen3-coder-480b-a35b-instruct,4,SUCCESS,4,5,0.8,,PASS: Response correctly identifies Factory A as having higher total output (1250 units vs 1235 units).; PASS: Response correctly identifies Factory A as having more total defects (11 vs 8).; PASS: Response correctly attributes the equipment calibration halt to Factory A on Tuesday.; FAIL: Response correctly attributes the supply delay halt to Factory B on Wednesday.; PASS: Response does not conflate the two factories' halt causes or production figures.
qwen/qwen3-next-80b-a3b-instruct,0,SUCCESS,5,5,1.0,,PASS: Response correctly identifies 2 errors on Server A.; PASS: Response correctly identifies 2 errors on Server B.; PASS: Response identifies 'Timeout on database connection' as appearing on both servers.; PASS: Response does not confuse errors between the two servers.; PASS: Response addresses both streams without omitting either.
qwen/qwen3-next-80b-a3b-instruct,1,SUCCESS,5,5,1.0,,"PASS: Response correctly identifies GOOG and MSFT as appearing in both portfolios.; PASS: Response correctly identifies Portfolio A realized profit on AAPL (bought at $178, sold at $185).; PASS: Response correctly identifies Portfolio B realized profit on TSLA (bought at $245, sold at $261).; PASS: Response correctly identifies Portfolio B realized profit on NVDA sold position.; PASS: Response does not conflate trades between the two portfolios."
qwen/qwen3-next-80b-a3b-instruct,2,SUCCESS,4,5,0.8,,PASS: Response correctly identifies Team A as experiencing a blocker on Tuesday.; PASS: Response correctly identifies the blocker as missing API credentials.; FAIL: Response correctly identifies Friday as the day Team B began depending on Team A's API.; PASS: Response does not attribute Team B's progress as blocked.; PASS: Response addresses both team streams without omitting either.
qwen/qwen3-next-80b-a3b-instruct,3,SUCCESS,5,5,1.0,,PASS: Response correctly identifies Student B as scoring higher on the midterm (85 vs 74).; PASS: Response correctly calculates Student A's average assignment score as approximately 88.3 (265/3).; PASS: Response correctly calculates Student B's average assignment score as approximately 87.7 (263/3).; PASS: Response correctly identifies Student A as having the higher average assignment score.; PASS: Response does not conflate exam scores with assignment scores or mix up the two students.
qwen/qwen3-next-80b-a3b-instruct,4,SUCCESS,3,5,0.6,,PASS: Response correctly identifies Factory A as having higher total output (1250 units vs 1235 units).; PASS: Response correctly identifies Factory A as having more total defects (11 vs 8).; FAIL: Response correctly attributes the equipment calibration halt to Factory A on Tuesday.; FAIL: Response correctly attributes the supply delay halt to Factory B on Wednesday.; PASS: Response does not conflate the two factories' halt causes or production figures.
qwen/qwen3-next-80b-a3b-thinking,0,SUCCESS,5,5,1.0,,PASS: Response correctly identifies 2 errors on Server A.; PASS: Response correctly identifies 2 errors on Server B.; PASS: Response identifies 'Timeout on database connection' as appearing on both servers.; PASS: Response does not confuse errors between the two servers.; PASS: Response addresses both streams without omitting either.
qwen/qwen3-next-80b-a3b-thinking,1,SUCCESS,4,5,0.8,,"PASS: Response correctly identifies GOOG and MSFT as appearing in both portfolios.; PASS: Response correctly identifies Portfolio A realized profit on AAPL (bought at $178, sold at $185).; PASS: Response correctly identifies Portfolio B realized profit on TSLA (bought at $245, sold at $261).; PASS: Response correctly identifies Portfolio B realized profit on NVDA sold position.; FAIL: Response does not conflate trades between the two portfolios."
qwen/qwen3-next-80b-a3b-thinking,2,SUCCESS,5,5,1.0,,PASS: Response correctly identifies Team A as experiencing a blocker on Tuesday.; PASS: Response correctly identifies the blocker as missing API credentials.; PASS: Response correctly identifies Friday as the day Team B began depending on Team A's API.; PASS: Response does not attribute Team B's progress as blocked.; PASS: Response addresses both team streams without omitting either.
qwen/qwen3-next-80b-a3b-thinking,3,SUCCESS,5,5,1.0,,PASS: Response correctly identifies Student B as scoring higher on the midterm (85 vs 74).; PASS: Response correctly calculates Student A's average assignment score as approximately 88.3 (265/3).; PASS: Response correctly calculates Student B's average assignment score as approximately 87.7 (263/3).; PASS: Response correctly identifies Student A as having the higher average assignment score.; PASS: Response does not conflate exam scores with assignment scores or mix up the two students.
qwen/qwen3-next-80b-a3b-thinking,4,SUCCESS,5,5,1.0,,PASS: Response correctly identifies Factory A as having higher total output (1250 units vs 1235 units).; PASS: Response correctly identifies Factory A as having more total defects (11 vs 8).; PASS: Response correctly attributes the equipment calibration halt to Factory A on Tuesday.; PASS: Response correctly attributes the supply delay halt to Factory B on Wednesday.; PASS: Response does not conflate the two factories' halt causes or production figures.
zai/glm-5,0,SUCCESS,5,5,1.0,,PASS: Response correctly identifies 2 errors on Server A.; PASS: Response correctly identifies 2 errors on Server B.; PASS: Response identifies 'Timeout on database connection' as appearing on both servers.; PASS: Response does not confuse errors between the two servers.; PASS: Response addresses both streams without omitting either.
zai/glm-5,1,SUCCESS,5,5,1.0,,"PASS: Response correctly identifies GOOG and MSFT as appearing in both portfolios.; PASS: Response correctly identifies Portfolio A realized profit on AAPL (bought at $178, sold at $185).; PASS: Response correctly identifies Portfolio B realized profit on TSLA (bought at $245, sold at $261).; PASS: Response correctly identifies Portfolio B realized profit on NVDA sold position.; PASS: Response does not conflate trades between the two portfolios."
zai/glm-5,2,SUCCESS,5,5,1.0,,PASS: Response correctly identifies Team A as experiencing a blocker on Tuesday.; PASS: Response correctly identifies the blocker as missing API credentials.; PASS: Response correctly identifies Friday as the day Team B began depending on Team A's API.; PASS: Response does not attribute Team B's progress as blocked.; PASS: Response addresses both team streams without omitting either.
zai/glm-5,3,SUCCESS,5,5,1.0,,PASS: Response correctly identifies Student B as scoring higher on the midterm (85 vs 74).; PASS: Response correctly calculates Student A's average assignment score as approximately 88.3 (265/3).; PASS: Response correctly calculates Student B's average assignment score as approximately 87.7 (263/3).; PASS: Response correctly identifies Student A as having the higher average assignment score.; PASS: Response does not conflate exam scores with assignment scores or mix up the two students.
zai/glm-5,4,SUCCESS,5,5,1.0,,PASS: Response correctly identifies Factory A as having higher total output (1250 units vs 1235 units).; PASS: Response correctly identifies Factory A as having more total defects (11 vs 8).; PASS: Response correctly attributes the equipment calibration halt to Factory A on Tuesday.; PASS: Response correctly attributes the supply delay halt to Factory B on Wednesday.; PASS: Response does not conflate the two factories' halt causes or production figures.
